index,高圆圆
2023-01-23,3844
2023-01-24,6123
2023-01-25,3532
2023-01-26,3407
2023-01-27,4212
2023-01-28,27799
2023-01-29,16280
2023-01-30,2465
2023-01-31,3460
2023-02-01,17374
2023-02-02,7298
2023-02-03,3701
2023-02-04,2493
2023-02-05,2484
2023-02-06,6771
2023-02-07,3681
2023-02-08,7086
2023-02-09,3634
2023-02-10,5257
2023-02-11,5103
2023-02-12,3824
2023-02-13,10946
2023-02-14,6316
2023-02-15,3375
2023-02-16,2680
2023-02-17,7582
2023-02-18,4231
2023-02-19,2188
2023-02-20,11929
2023-02-21,198793
2023-02-22,59986
2023-02-23,35077
2023-02-24,9151
2023-02-25,2798
2023-02-26,3697
2023-02-27,7657
2023-02-28,12401
2023-03-01,178615
2023-03-02,20831
2023-03-03,35579
2023-03-04,185127
2023-03-05,67714
2023-03-06,150578
2023-03-07,9639
2023-03-08,20209
2023-03-09,8064
2023-03-10,5370
2023-03-11,16191
2023-03-12,35295
2023-03-13,25416
2023-03-14,13461
2023-03-15,52305
2023-03-16,36635
2023-03-17,4653
2023-03-18,9003
2023-03-19,10503
2023-03-20,45589
2023-03-21,9194
2023-03-22,29125
2023-03-23,2456916
2023-03-24,63788
2023-03-25,227440
2023-03-26,53581
2023-03-27,61622
2023-03-28,103315
2023-03-29,9720
2023-03-30,11973
2023-03-31,3986
2023-04-01,8604
2023-04-02,3967
2023-04-03,5767
2023-04-04,84015
2023-04-05,8814
2023-04-06,96538
2023-04-07,4766
2023-04-08,2964
2023-04-09,7473
2023-04-10,281118
2023-04-11,7660
2023-04-12,3837
2023-04-13,3693
2023-04-14,98102
2023-04-15,6478
2023-04-16,114990
2023-04-17,8204
2023-04-18,3299
2023-04-19,3179
2023-04-20,4778
2023-04-21,4639
2023-04-22,5720
2023-04-23,14735
