index,吴克群
2023-01-24,10568
2023-01-25,8761
2023-01-26,1081
2023-01-27,853
2023-01-28,1172
2023-01-29,9288
2023-01-30,24852
2023-01-31,801
2023-02-01,700
2023-02-02,842
2023-02-03,1930
2023-02-04,1416
2023-02-05,2065
2023-02-06,945
2023-02-07,820
2023-02-08,12261
2023-02-09,2394
2023-02-10,595
2023-02-11,766
2023-02-12,781
2023-02-13,779
2023-02-14,1338
2023-02-15,1635
2023-02-16,1643
2023-02-17,5296
2023-02-18,2533
2023-02-19,1452
2023-02-20,41284
2023-02-21,1992
2023-02-22,2657
2023-02-23,2409
2023-02-24,1216
2023-02-25,671
2023-02-26,2675
2023-02-27,21354
2023-02-28,1685
2023-03-01,1246
2023-03-02,1045
2023-03-03,907
2023-03-04,565
2023-03-05,1042
2023-03-06,1802
2023-03-07,2235
2023-03-08,776
2023-03-09,20671
2023-03-10,3836
2023-03-11,3020
2023-03-12,1256
2023-03-13,4336
2023-03-14,1246
2023-03-15,14494
2023-03-16,65860
2023-03-17,3071
2023-03-18,61120
2023-03-19,10094
2023-03-20,1025
2023-03-21,823
2023-03-22,25391
2023-03-23,39667
2023-03-24,2055
2023-03-25,4558
2023-03-26,1898
2023-03-27,1172
2023-03-28,149360
2023-03-29,10138
2023-03-30,794
2023-03-31,885
2023-04-01,1788
2023-04-02,14617
2023-04-03,1768
2023-04-04,31186
2023-04-05,2020
2023-04-06,4252
2023-04-07,94207
2023-04-08,51349
2023-04-09,2475
2023-04-10,1604
2023-04-11,1900
2023-04-12,919
2023-04-13,16516
2023-04-14,62824
2023-04-15,45835
2023-04-16,36371
2023-04-17,88894
2023-04-18,8883
2023-04-19,39691
2023-04-20,88058
2023-04-21,7433
2023-04-22,4328
2023-04-23,7220
2023-04-24,17395
