index,徐良
2023-01-24,2963
2023-01-25,913
2023-01-26,700
2023-01-27,2047
2023-01-28,842
2023-01-29,1233
2023-01-30,658
2023-01-31,798
2023-02-01,536
2023-02-02,562
2023-02-03,1453
2023-02-04,754
2023-02-05,627
2023-02-06,1458
2023-02-07,1350
2023-02-08,8542
2023-02-09,1202
2023-02-10,972
2023-02-11,1153
2023-02-12,741
2023-02-13,616
2023-02-14,713
2023-02-15,720
2023-02-16,1085
2023-02-17,161249
2023-02-18,3222
2023-02-19,1812
2023-02-20,798
2023-02-21,1618
2023-02-22,8740
2023-02-23,644
2023-02-24,560
2023-02-25,927
2023-02-26,796
2023-02-27,1123
2023-02-28,907
2023-03-01,584
2023-03-02,3296
2023-03-03,618
2023-03-04,1116
2023-03-05,1010
2023-03-06,456
2023-03-07,527
2023-03-08,443
2023-03-09,629
2023-03-10,664
2023-03-11,1683
2023-03-12,1388
2023-03-13,720
2023-03-14,650
2023-03-15,884
2023-03-16,757
2023-03-17,601
2023-03-18,477
2023-03-19,673
2023-03-20,1601
2023-03-21,8018
2023-03-22,993
2023-03-23,1079
2023-03-24,1180
2023-03-25,1395
2023-03-26,1934
2023-03-27,1089
2023-03-28,1350
2023-03-29,2345
2023-03-30,1112
2023-03-31,1029
2023-04-01,1382
2023-04-02,930
2023-04-03,2965
2023-04-04,1301
2023-04-05,2432
2023-04-06,1164
2023-04-07,5862
2023-04-08,332758
2023-04-09,6138
2023-04-10,1351
2023-04-11,8272
2023-04-12,257341
2023-04-13,25183
2023-04-14,6677
2023-04-15,2588
2023-04-16,2461
2023-04-17,1197
2023-04-18,1425
2023-04-19,1113
2023-04-20,1564
2023-04-21,1637
2023-04-22,1275
2023-04-23,1463
2023-04-24,765
