index,吕小军
2023-01-23,32
2023-01-24,7
2023-01-25,0
2023-01-26,14
2023-01-27,3
2023-01-28,23
2023-01-29,11
2023-01-30,2
2023-01-31,31
2023-02-01,9
2023-02-02,2
2023-02-03,5
2023-02-04,5
2023-02-05,322
2023-02-06,7
2023-02-07,3
2023-02-08,8
2023-02-09,3
2023-02-10,27
2023-02-11,8
2023-02-12,4
2023-02-13,0
2023-02-14,0
2023-02-15,18
2023-02-16,4
2023-02-17,0
2023-02-18,0
2023-02-19,2
2023-02-20,10
2023-02-21,23
2023-02-22,229
2023-02-23,85
2023-02-24,0
2023-02-25,14
2023-02-26,2
2023-02-27,3
2023-02-28,0
2023-03-01,689
2023-03-02,7
2023-03-03,10
2023-03-04,0
2023-03-05,0
2023-03-06,5
2023-03-07,13
2023-03-08,17
2023-03-09,49
2023-03-10,7
2023-03-11,15
2023-03-12,5
2023-03-13,11
2023-03-14,0
2023-03-15,14
2023-03-16,33
2023-03-17,5
2023-03-18,3
2023-03-19,0
2023-03-20,5
2023-03-21,8
2023-03-22,24912
2023-03-23,3
2023-03-24,5
2023-03-25,0
2023-03-26,0
2023-03-27,32
2023-03-28,15
2023-03-29,32
2023-03-30,4
2023-03-31,37
2023-04-01,277
2023-04-02,123
2023-04-03,64
2023-04-04,3
2023-04-05,14
2023-04-06,6
2023-04-07,6
2023-04-08,10
2023-04-09,11
2023-04-10,0
2023-04-11,525
2023-04-12,23
2023-04-13,405
2023-04-14,14
2023-04-15,2
2023-04-16,8
2023-04-17,52
2023-04-18,2
2023-04-19,16
2023-04-20,0
2023-04-21,17
2023-04-22,231
2023-04-23,41
