index,张国立
2023-01-22,1972
2023-01-23,786
2023-01-24,163
2023-01-25,7186
2023-01-26,1738
2023-01-27,461
2023-01-28,1190
2023-01-29,1118
2023-01-30,2212
2023-01-31,351
2023-02-01,246
2023-02-02,1487
2023-02-03,172934
2023-02-04,5196
2023-02-05,397
2023-02-06,480
2023-02-07,1131
2023-02-08,473
2023-02-09,1517
2023-02-10,815
2023-02-11,898
2023-02-12,1369
2023-02-13,3051
2023-02-14,628
2023-02-15,185
2023-02-16,411
2023-02-17,793
2023-02-18,1312
2023-02-19,759
2023-02-20,1532
2023-02-21,831
2023-02-22,1024
2023-02-23,1720
2023-02-24,1646
2023-02-25,1323
2023-02-26,1118
2023-02-27,1217
2023-02-28,7084
2023-03-01,2542
2023-03-02,742
2023-03-03,488
2023-03-04,500
2023-03-05,2463
2023-03-06,1857
2023-03-07,828
2023-03-08,607
2023-03-09,1440
2023-03-10,1953
2023-03-11,1046
2023-03-12,895
2023-03-13,40013
2023-03-14,6404
2023-03-15,10920
2023-03-16,28982
2023-03-17,4501
2023-03-18,1082
2023-03-19,1563
2023-03-20,1805
2023-03-21,2377
2023-03-22,1634
2023-03-23,2378
2023-03-24,2588
2023-03-25,944
2023-03-26,801
2023-03-27,1810
2023-03-28,4027
2023-03-29,5432
2023-03-30,3449
2023-03-31,5663
2023-04-01,33657
2023-04-02,1587
2023-04-03,1388
2023-04-04,4426
2023-04-05,444
2023-04-06,7090
2023-04-07,1868
2023-04-08,1644
2023-04-09,510
2023-04-10,559
2023-04-11,306
2023-04-12,211
2023-04-13,712
2023-04-14,926
2023-04-15,3032
2023-04-16,648
2023-04-17,1295
2023-04-18,43159
2023-04-19,705
2023-04-20,627
2023-04-21,486
2023-04-22,1725
