index,张怡宁
2023-01-24,95
2023-01-25,287
2023-01-26,157
2023-01-27,85
2023-01-28,245
2023-01-29,867
2023-01-30,534
2023-01-31,503
2023-02-01,402
2023-02-02,108
2023-02-03,52
2023-02-04,316
2023-02-05,115
2023-02-06,630
2023-02-07,102
2023-02-08,4835
2023-02-09,72
2023-02-10,212
2023-02-11,111
2023-02-12,125
2023-02-13,103
2023-02-14,106
2023-02-15,69
2023-02-16,74
2023-02-17,109
2023-02-18,1461
2023-02-19,895
2023-02-20,138
2023-02-21,46
2023-02-22,257
2023-02-23,58
2023-02-24,205
2023-02-25,26
2023-02-26,310
2023-02-27,224
2023-02-28,293
2023-03-01,240
2023-03-02,243
2023-03-03,81
2023-03-04,76
2023-03-05,160
2023-03-06,40
2023-03-07,123
2023-03-08,201
2023-03-09,56
2023-03-10,573
2023-03-11,188
2023-03-12,64
2023-03-13,726
2023-03-14,339
2023-03-15,167
2023-03-16,2172
2023-03-17,105
2023-03-18,188
2023-03-19,120
2023-03-20,885
2023-03-21,158
2023-03-22,215
2023-03-23,2276
2023-03-24,2799
2023-03-25,541
2023-03-26,118
2023-03-27,487
2023-03-28,210
2023-03-29,91
2023-03-30,217
2023-03-31,716
2023-04-01,10906
2023-04-02,3367
2023-04-03,1964
2023-04-04,4508
2023-04-05,367
2023-04-06,2905
2023-04-07,493
2023-04-08,373
2023-04-09,366
2023-04-10,444
2023-04-11,636
2023-04-12,158
2023-04-13,1448
2023-04-14,161
2023-04-15,608
2023-04-16,501
2023-04-17,6893
2023-04-18,605
2023-04-19,8798
2023-04-20,1354
2023-04-21,490
2023-04-22,335
2023-04-23,994
2023-04-24,275
