index,徐梦桃
2023-01-24,3758
2023-01-25,1669
2023-01-26,512
2023-01-27,147
2023-01-28,385
2023-01-29,1514
2023-01-30,32717
2023-01-31,34299
2023-02-01,13816
2023-02-02,1271
2023-02-03,455
2023-02-04,3059
2023-02-05,11971
2023-02-06,13933
2023-02-07,2252
2023-02-08,4294
2023-02-09,3506
2023-02-10,566
2023-02-11,3176
2023-02-12,405
2023-02-13,571
2023-02-14,6860
2023-02-15,806
2023-02-16,748
2023-02-17,1068
2023-02-18,933
2023-02-19,259
2023-02-20,149
2023-02-21,1246
2023-02-22,863
2023-02-23,811
2023-02-24,1127
2023-02-25,133
2023-02-26,218
2023-02-27,192
2023-02-28,1150
2023-03-01,743
2023-03-02,769
2023-03-03,2678
2023-03-04,53987
2023-03-05,16637
2023-03-06,13471
2023-03-07,20880
2023-03-08,17397
2023-03-09,9417
2023-03-10,2538
2023-03-11,2052
2023-03-12,1397
2023-03-13,1219
2023-03-14,21531
2023-03-15,679
2023-03-16,568
2023-03-17,716
2023-03-18,524
2023-03-19,419
2023-03-20,535
2023-03-21,1524
2023-03-22,348
2023-03-23,2973
2023-03-24,12702
2023-03-25,113560
2023-03-26,9575
2023-03-27,1306
2023-03-28,249
2023-03-29,1455
2023-03-30,3622
2023-03-31,286
2023-04-01,9150
2023-04-02,4190
2023-04-03,18992
2023-04-04,2550
2023-04-05,1863
2023-04-06,1893
2023-04-07,2750
2023-04-08,436
2023-04-09,2386
2023-04-10,19432
2023-04-11,5651
2023-04-12,452
2023-04-13,174
2023-04-14,238
2023-04-15,135
2023-04-16,26326
2023-04-17,1208
2023-04-18,679
2023-04-19,449
2023-04-20,40724
2023-04-21,28055
2023-04-22,9141
2023-04-23,28847
2023-04-24,42001
