index,李婷
2023-01-24,141
2023-01-25,1392
2023-01-26,11287
2023-01-27,153
2023-01-28,100
2023-01-29,283
2023-01-30,147
2023-01-31,290
2023-02-01,300
2023-02-02,152
2023-02-03,155
2023-02-04,775
2023-02-05,427
2023-02-06,158
2023-02-07,100
2023-02-08,748
2023-02-09,71
2023-02-10,780
2023-02-11,181
2023-02-12,403
2023-02-13,133
2023-02-14,144
2023-02-15,1154
2023-02-16,390
2023-02-17,457
2023-02-18,134
2023-02-19,167
2023-02-20,141
2023-02-21,305
2023-02-22,51545
2023-02-23,2007
2023-02-24,242
2023-02-25,151
2023-02-26,293
2023-02-27,214
2023-02-28,2113
2023-03-01,763
2023-03-02,244
2023-03-03,188
2023-03-04,76
2023-03-05,114
2023-03-06,182
2023-03-07,339
2023-03-08,1191
2023-03-09,1378
2023-03-10,633
2023-03-11,218
2023-03-12,125
2023-03-13,150
2023-03-14,193
2023-03-15,467
2023-03-16,371
2023-03-17,255
2023-03-18,103
2023-03-19,328
2023-03-20,143
2023-03-21,6097
2023-03-22,1409
2023-03-23,290
2023-03-24,659
2023-03-25,326
2023-03-26,310
2023-03-27,165
2023-03-28,154
2023-03-29,80
2023-03-30,1370
2023-03-31,2668
2023-04-01,429
2023-04-02,166
2023-04-03,654
2023-04-04,12052
2023-04-05,579
2023-04-06,2011
2023-04-07,297
2023-04-08,246
2023-04-09,325
2023-04-10,169144
2023-04-11,3265
2023-04-12,10930
2023-04-13,2271
2023-04-14,6140
2023-04-15,25434
2023-04-16,16309
2023-04-17,8436
2023-04-18,6548
2023-04-19,13524
2023-04-20,7930
2023-04-21,13878
2023-04-22,4712
2023-04-23,22061
2023-04-24,4555
