index,杨倩
2023-01-24,1071
2023-01-25,1154
2023-01-26,3101
2023-01-27,1116
2023-01-28,1028
2023-01-29,1349
2023-01-30,1430
2023-01-31,1635
2023-02-01,1554
2023-02-02,1570
2023-02-03,1746
2023-02-04,2681
2023-02-05,3144
2023-02-06,3653
2023-02-07,2655
2023-02-08,2977
2023-02-09,2318
2023-02-10,2697
2023-02-11,2128
2023-02-12,2761
2023-02-13,2356
2023-02-14,2492
2023-02-15,2378
2023-02-16,2407
2023-02-17,2731
2023-02-18,2532
2023-02-19,2659
2023-02-20,2200
2023-02-21,2163
2023-02-22,1724
2023-02-23,1863
2023-02-24,2149
2023-02-25,2153
2023-02-26,3050
2023-02-27,2344
2023-02-28,1918
2023-03-01,1671
2023-03-02,3287
2023-03-03,1994
2023-03-04,2597
2023-03-05,2473
2023-03-06,2674
2023-03-07,3177
2023-03-08,3058
2023-03-09,1955
2023-03-10,3175
2023-03-11,2963
2023-03-12,3282
2023-03-13,2696
2023-03-14,2236
2023-03-15,2582
2023-03-16,2398
2023-03-17,2476
2023-03-18,2926
2023-03-19,3164
2023-03-20,1858
2023-03-21,2839
2023-03-22,2875
2023-03-23,2307
2023-03-24,1473
2023-03-25,1482
2023-03-26,2446
2023-03-27,2507
2023-03-28,1750
2023-03-29,2141
2023-03-30,2142
2023-03-31,50089
2023-04-01,1737
2023-04-02,2490
2023-04-03,2331
2023-04-04,2607
2023-04-05,2984
2023-04-06,4015
2023-04-07,3714
2023-04-08,4216
2023-04-09,4515
2023-04-10,4796
2023-04-11,5135
2023-04-12,5090
2023-04-13,4973
2023-04-14,2800
2023-04-15,2316
2023-04-16,3032
2023-04-17,3831
2023-04-18,3799
2023-04-19,4836
2023-04-20,4480
2023-04-21,2988
2023-04-22,3165
2023-04-23,5421
2023-04-24,4313
