index,王霜
2023-01-24,979
2023-01-25,2205
2023-01-26,528
2023-01-27,2018
2023-01-28,682
2023-01-29,4275
2023-01-30,1782
2023-01-31,442
2023-02-01,626
2023-02-02,543
2023-02-03,1328
2023-02-04,667
2023-02-05,659
2023-02-06,1123
2023-02-07,755
2023-02-08,824
2023-02-09,678
2023-02-10,796
2023-02-11,708
2023-02-12,1331
2023-02-13,455
2023-02-14,972
2023-02-15,393
2023-02-16,458
2023-02-17,763
2023-02-18,365
2023-02-19,1113
2023-02-20,952
2023-02-21,1806
2023-02-22,785
2023-02-23,755
2023-02-24,333
2023-02-25,265
2023-02-26,673
2023-02-27,1432
2023-02-28,1272
2023-03-01,1109
2023-03-02,4776
2023-03-03,5399
2023-03-04,2018
2023-03-05,788
2023-03-06,1050
2023-03-07,910
2023-03-08,20175
2023-03-09,1986
2023-03-10,1296
2023-03-11,781
2023-03-12,726
2023-03-13,1029
2023-03-14,1337
2023-03-15,777
2023-03-16,657
2023-03-17,500
2023-03-18,653
2023-03-19,667
2023-03-20,337
2023-03-21,472
2023-03-22,369
2023-03-23,908
2023-03-24,229
2023-03-25,680
2023-03-26,442
2023-03-27,1322
2023-03-28,1323
2023-03-29,327
2023-03-30,303
2023-03-31,939
2023-04-01,756
2023-04-02,2610
2023-04-03,1333
2023-04-04,896
2023-04-05,1055
2023-04-06,1738
2023-04-07,2971
2023-04-08,782
2023-04-09,492
2023-04-10,289
2023-04-11,633
2023-04-12,9878
2023-04-13,833
2023-04-14,2890
2023-04-15,286
2023-04-16,9725
2023-04-17,73246
2023-04-18,4973
2023-04-19,445
2023-04-20,164
2023-04-21,318
2023-04-22,198
2023-04-23,483
2023-04-24,416
