index,容祖儿
2023-01-23,10019
2023-01-24,10906
2023-01-25,6583
2023-01-26,13309
2023-01-27,48317
2023-01-28,5670
2023-01-29,14182
2023-01-30,33031
2023-01-31,8282
2023-02-01,58497
2023-02-02,90497
2023-02-03,167304
2023-02-04,80461
2023-02-05,6255
2023-02-06,59278
2023-02-07,45322
2023-02-08,84491
2023-02-09,27995
2023-02-10,7604
2023-02-11,8826
2023-02-12,6001
2023-02-13,7958
2023-02-14,27231
2023-02-15,14675
2023-02-16,7522
2023-02-17,7200
2023-02-18,4364
2023-02-19,5374
2023-02-20,5280
2023-02-21,13043
2023-02-22,4005
2023-02-23,6165
2023-02-24,3529
2023-02-25,101165
2023-02-26,6785
2023-02-27,29945
2023-02-28,62644
2023-03-01,41765
2023-03-02,17736
2023-03-03,42936
2023-03-04,10658
2023-03-05,19595
2023-03-06,11799
2023-03-07,11844
2023-03-08,18604
2023-03-09,20792
2023-03-10,28186
2023-03-11,13218
2023-03-12,10826
2023-03-13,6576
2023-03-14,42285
2023-03-15,14261
2023-03-16,25444
2023-03-17,12294
2023-03-18,21286
2023-03-19,55970
2023-03-20,29412
2023-03-21,55906
2023-03-22,347358
2023-03-23,56255
2023-03-24,81607
2023-03-25,288204
2023-03-26,80661
2023-03-27,46573
2023-03-28,20984
2023-03-29,8028
2023-03-30,26802
2023-03-31,16061
2023-04-01,58496
2023-04-02,211756
2023-04-03,32268
2023-04-04,6652
2023-04-05,9878
2023-04-06,14720
2023-04-07,31760
2023-04-08,9157
2023-04-09,14602
2023-04-10,10019
2023-04-11,19490
2023-04-12,25813
2023-04-13,51357
2023-04-14,72617
2023-04-15,20041
2023-04-16,17957
2023-04-17,18932
2023-04-18,62163
2023-04-19,119417
2023-04-20,30461
2023-04-21,99653
2023-04-22,20156
2023-04-23,470656
