index,彭佳慧
2023-01-23,77
2023-01-24,64
2023-01-25,56
2023-01-26,48
2023-01-27,78
2023-01-28,59
2023-01-29,62
2023-01-30,66
2023-01-31,52
2023-02-01,665
2023-02-02,71
2023-02-03,96
2023-02-04,101
2023-02-05,54
2023-02-06,379
2023-02-07,603
2023-02-08,69
2023-02-09,636
2023-02-10,42
2023-02-11,58
2023-02-12,72
2023-02-13,59
2023-02-14,73
2023-02-15,734
2023-02-16,3203
2023-02-17,115
2023-02-18,74
2023-02-19,73
2023-02-20,55
2023-02-21,75
2023-02-22,131
2023-02-23,40
2023-02-24,803
2023-02-25,70
2023-02-26,55
2023-02-27,71
2023-02-28,142
2023-03-01,49
2023-03-02,34
2023-03-03,74
2023-03-04,55
2023-03-05,97
2023-03-06,36
2023-03-07,189
2023-03-08,57
2023-03-09,52
2023-03-10,46
2023-03-11,72
2023-03-12,54
2023-03-13,57
2023-03-14,62
2023-03-15,82
2023-03-16,1400
2023-03-17,16122
2023-03-18,2252
2023-03-19,316
2023-03-20,418
2023-03-21,246
2023-03-22,284
2023-03-23,372
2023-03-24,793
2023-03-25,120
2023-03-26,76
2023-03-27,352
2023-03-28,149
2023-03-29,2598
2023-03-30,62
2023-03-31,801
2023-04-01,61
2023-04-02,57
2023-04-03,589
2023-04-04,86
2023-04-05,71
2023-04-06,133
2023-04-07,157
2023-04-08,96
2023-04-09,492
2023-04-10,115
2023-04-11,22
2023-04-12,76
2023-04-13,128
2023-04-14,38
2023-04-15,84
2023-04-16,184
2023-04-17,75
2023-04-18,21
2023-04-19,142
2023-04-20,51
2023-04-21,22
2023-04-22,43
2023-04-23,109
