index,陈粒
2023-01-23,174522
2023-01-24,8501
2023-01-25,1120
2023-01-26,1453
2023-01-27,50089
2023-01-28,13469
2023-01-29,14084
2023-01-30,1546
2023-01-31,1079
2023-02-01,31244
2023-02-02,44363
2023-02-03,229820
2023-02-04,111892
2023-02-05,22121
2023-02-06,7282
2023-02-07,36439
2023-02-08,29095
2023-02-09,12411
2023-02-10,3960
2023-02-11,8631
2023-02-12,4095
2023-02-13,10591
2023-02-14,2746
2023-02-15,4772
2023-02-16,21301
2023-02-17,16281
2023-02-18,12995
2023-02-19,5274
2023-02-20,3212
2023-02-21,3213
2023-02-22,7233
2023-02-23,16823
2023-02-24,14766
2023-02-25,7326
2023-02-26,27131
2023-02-27,66490
2023-02-28,42223
2023-03-01,94713
2023-03-02,47112
2023-03-03,15886
2023-03-04,6789
2023-03-05,8051
2023-03-06,13270
2023-03-07,6171
2023-03-08,7765
2023-03-09,13083
2023-03-10,4868
2023-03-11,12368
2023-03-12,3956
2023-03-13,18849
2023-03-14,230409
2023-03-15,35697
2023-03-16,104733
2023-03-17,35497
2023-03-18,6045
2023-03-19,6075
2023-03-20,26404
2023-03-21,194572
2023-03-22,93016
2023-03-23,296629
2023-03-24,44722
2023-03-25,15186
2023-03-26,9268
2023-03-27,5616
2023-03-28,6030
2023-03-29,55798
2023-03-30,236887
2023-03-31,12673
2023-04-01,5923
2023-04-02,5247
2023-04-03,8815
2023-04-04,4053
2023-04-05,4606
2023-04-06,8782
2023-04-07,16071
2023-04-08,9958
2023-04-09,4128
2023-04-10,12256
2023-04-11,13018
2023-04-12,10569
2023-04-13,22459
2023-04-14,9852
2023-04-15,61643
2023-04-16,38782
2023-04-17,15507
2023-04-18,11019
2023-04-19,5283
2023-04-20,11454
2023-04-21,13063
2023-04-22,3707
2023-04-23,8037
